{"cameraMode":{"drawMode":0,"name":"Shaded","section":"Shading Mode"},"sceneLighting":false,"audioPlay":false,"sceneViewState":{"showFog":true,"showMaterialUpdate":false,"showSkybox":true,"showFlares":true,"showImageEffects":true,"showParticleSystems":true},"in2DMode":false,"pivot":{"x":-411.98468017578127,"y":60.97348403930664,"z":-4.404263496398926},"rotation":{"x":0.04573574289679527,"y":0.9542416334152222,"z":-0.20519468188285829,"w":0.2126867026090622},"size":10.599181175231934,"orthographic":false}