{"cameraMode":{"drawMode":0,"name":"Shaded","section":"Shading Mode"},"sceneLighting":false,"audioPlay":false,"sceneViewState":{"showFog":true,"showMaterialUpdate":false,"showSkybox":true,"showFlares":true,"showImageEffects":true,"showParticleSystems":true},"in2DMode":false,"pivot":{"x":-378.6672058105469,"y":60.71062469482422,"z":-19.990468978881837},"rotation":{"x":0.0970376580953598,"y":0.8605763912200928,"z":-0.17988009750843049,"w":0.4667537212371826},"size":25.492000579833986,"orthographic":false}