{"cameraMode":{"drawMode":0,"name":"Shaded","section":"Shading Mode"},"sceneLighting":false,"audioPlay":false,"sceneViewState":{"showFog":true,"showMaterialUpdate":false,"showSkybox":true,"showFlares":true,"showImageEffects":true,"showParticleSystems":true},"in2DMode":false,"pivot":{"x":-393.4932556152344,"y":114.12272644042969,"z":21.046428680419923},"rotation":{"x":0.4046248197555542,"y":0.5890066623687744,"z":-0.43697962164878847,"w":0.5465810298919678},"size":10.0,"orthographic":false}