{"cameraMode":{"drawMode":0,"name":"Shaded","section":"Shading Mode"},"sceneLighting":false,"audioPlay":false,"sceneViewState":{"showFog":true,"showMaterialUpdate":false,"showSkybox":true,"showFlares":true,"showImageEffects":true,"showParticleSystems":true},"in2DMode":false,"pivot":{"x":-349.3138122558594,"y":31.732738494873048,"z":-37.944156646728519},"rotation":{"x":-0.09135834872722626,"y":-0.885246217250824,"z":0.19749195873737336,"w":-0.4115438759326935},"size":43.2382926940918,"orthographic":false}