{"cameraMode":{"drawMode":0,"name":"Shaded","section":"Shading Mode"},"sceneLighting":true,"audioPlay":false,"sceneViewState":{"showFog":true,"showMaterialUpdate":false,"showSkybox":true,"showFlares":true,"showImageEffects":true,"showParticleSystems":true},"in2DMode":false,"pivot":{"x":0.8039093017578125,"y":6.0232930183410648,"z":-3.2942371368408205},"rotation":{"x":-0.026904964819550515,"y":0.9442214369773865,"z":-0.07979610562324524,"w":-0.3183627724647522},"size":10.920249938964844,"orthographic":false}