{"cameraMode":{"drawMode":0,"name":"Shaded","section":"Shading Mode"},"sceneLighting":false,"audioPlay":false,"sceneViewState":{"showFog":true,"showMaterialUpdate":false,"showSkybox":true,"showFlares":true,"showImageEffects":true,"showParticleSystems":true},"in2DMode":false,"pivot":{"x":-406.0494384765625,"y":68.13633728027344,"z":5.796549320220947},"rotation":{"x":0.09905838966369629,"y":0.042549069970846179,"z":-0.004542277194559574,"w":0.9943021535873413},"size":2.432976245880127,"orthographic":false}