{"cameraMode":{"drawMode":0,"name":"Shaded","section":"Shading Mode"},"sceneLighting":false,"audioPlay":false,"sceneViewState":{"showFog":true,"showMaterialUpdate":false,"showSkybox":false,"showFlares":true,"showImageEffects":true,"showParticleSystems":true},"in2DMode":false,"pivot":{"x":-0.8065235614776611,"y":3.5403246879577638,"z":-0.02661040425300598},"rotation":{"x":-0.23001818358898164,"y":-0.7277704477310181,"z":0.29082468152046206,"w":-0.577161431312561},"size":1.875859260559082,"orthographic":false}