{"cameraMode":{"drawMode":0,"name":"Shaded","section":"Shading Mode"},"sceneLighting":false,"audioPlay":false,"sceneViewState":{"showFog":true,"showMaterialUpdate":false,"showSkybox":true,"showFlares":true,"showImageEffects":true,"showParticleSystems":true},"in2DMode":false,"pivot":{"x":-302.7579650878906,"y":-43.14274215698242,"z":68.70283508300781},"rotation":{"x":0.31060728430747988,"y":0.4591096341609955,"z":-0.17562824487686158,"w":0.8137398362159729},"size":86.49043273925781,"orthographic":false}