{"cameraMode":{"drawMode":0,"name":"Shaded","section":"Shading Mode"},"sceneLighting":false,"audioPlay":false,"sceneViewState":{"showFog":true,"showMaterialUpdate":false,"showSkybox":true,"showFlares":true,"showImageEffects":true,"showParticleSystems":true},"in2DMode":false,"pivot":{"x":-356.2269592285156,"y":14.502323150634766,"z":29.711870193481447},"rotation":{"x":-0.3130916655063629,"y":-0.49215656518936159,"z":0.19607897102832795,"w":-0.7884746193885803},"size":43.2382926940918,"orthographic":false}